id,title,status,study_type,phases,has_results,source
NCT01807299,The Effect of Physical Training and the Omega 3 Consumption on Attention Deficit Hyperactivity Disorder in Children,COMPLETED,INTERVENTIONAL,NA,true,ClinicalTrials.gov
NCT07665658,"Effectiveness of Neuroplasticity-Targeted Supplements on Neuroinflammatory Markers, ADHD Symptom Severity, and Clinical Scores in Children",RECRUITING,INTERVENTIONAL,NA,false,ClinicalTrials.gov
NCT07419659,Effects of Lactic Acid Bacteria in Patients With Attention-Deficit/Hyperactivity Disorder,ENROLLING_BY_INVITATION,INTERVENTIONAL,NA,false,ClinicalTrials.gov
NCT03730194,A SMART Design to Improve Sleep Disturbance in Adolescents With Neurodevelopmental Disorders,COMPLETED,INTERVENTIONAL,NA,true,ClinicalTrials.gov
NCT06542146,Impact of Dietary Intervention on Children of ADHD at Sohag University Hospital,UNKNOWN,INTERVENTIONAL,NA,false,ClinicalTrials.gov
NCT00418184,The Efficacy and Safety of Phosphatidylserine-Omega3 in Children With Attention-Deficit/ Hyperactivity Disorder,COMPLETED,INTERVENTIONAL,PHASE2,true,ClinicalTrials.gov
NCT02333149,Melatonin in Youth: N-of-1 Trials in a Stimulant-treated Attention Deficit Hyperactivity Disorder (ADHD) Population,WITHDRAWN,INTERVENTIONAL,PHASE3,false,ClinicalTrials.gov
NCT06348121,Impact of Probiotics on Children With ADHD,COMPLETED,INTERVENTIONAL,NA,false,ClinicalTrials.gov
NCT03749824,Investigation of Psychophysiological Response to Aversive Stimuli Over Time With Omega-3,COMPLETED,INTERVENTIONAL,NA,false,ClinicalTrials.gov
NCT00704990,Combination Natural Health Product in Children With Attention Deficit/Hyperactivity Disorder (ADHD),COMPLETED,INTERVENTIONAL,PHASE2|PHASE3,false,ClinicalTrials.gov
NCT02897570,Metabolic and Neurofunctional Responses to Breakfasts,COMPLETED,INTERVENTIONAL,NA,false,ClinicalTrials.gov
NCT02315651,Efficacy of Combined Treatment With CoQ10 and Methylphenidate in Children With Attention Deficit Hyperactivity Disorder,UNKNOWN,INTERVENTIONAL,NA,false,ClinicalTrials.gov
NCT01750307,The Relationship of Essential Fatty Acids to Adult ADHD: The OCEAN Study (Oils and Cognitive Effects in Adult ADHD Neurodevelopment),UNKNOWN,INTERVENTIONAL,NA,false,ClinicalTrials.gov
NCT02248948,Superiority of Omega-3 Versus Placebo on the Improvement of ADHD in Children,COMPLETED,INTERVENTIONAL,NA,false,ClinicalTrials.gov
NCT03368690,Therapeutic Effects of Pine Bark Extracts in Attention Deficit Hyperactivity Disorder,COMPLETED,INTERVENTIONAL,NA,false,ClinicalTrials.gov
NCT00819429,Supplements and Social Skills Intervention Study,COMPLETED,INTERVENTIONAL,NA,false,ClinicalTrials.gov
NCT07521449,Effects of Phosphatidylserine and DHA on Cognitive Performance in Children With ADHD,COMPLETED,INTERVENTIONAL,NA,false,ClinicalTrials.gov
NCT06226584,Multi-strain Probiotics for ADHD,UNKNOWN,INTERVENTIONAL,NA,false,ClinicalTrials.gov
NCT01855984,Tocotrienols for School-going Children With ADHD,COMPLETED,INTERVENTIONAL,PHASE2|PHASE3,false,ClinicalTrials.gov
NCT01862484,Neuroimaging of Diet in ADHD: Phase I,COMPLETED,INTERVENTIONAL,NA,true,ClinicalTrials.gov
NCT03533556,Effects of L-theanine and Caffeine on Attention and Attention-related Brain Activity of Children With Attention Deficit Hyperactivity Disorder,COMPLETED,INTERVENTIONAL,EARLY_PHASE1,false,ClinicalTrials.gov
NCT03103750,Vitamin D as a Therapeutic Adjunct in the Stimulant Treatment of ADHD,COMPLETED,INTERVENTIONAL,PHASE1,true,ClinicalTrials.gov
NCT01109849,Novel Approach to Stimulant Induced Weight Suppression and Its Impact on Growth,COMPLETED,INTERVENTIONAL,PHASE3,true,ClinicalTrials.gov
NCT02911194,a2 Milk for Autism and Attention-deficit Hyperactivity Disorder (ADHD),COMPLETED,INTERVENTIONAL,NA,false,ClinicalTrials.gov
NCT07459699,Effects of Probiotics on the Gut-brain Axis in Children,RECRUITING,INTERVENTIONAL,NA,false,ClinicalTrials.gov
NCT06491836,Oligoantigenic Diet and Core Symptomatology of Children With Attention-Deficit /Hyperactivity Disorder (ADHD).,COMPLETED,INTERVENTIONAL,NA,false,ClinicalTrials.gov
NCT01853280,L-methylfolate Supplementation to OROS-Methylphenidate Pharmacotherapy in ADHD Adults,COMPLETED,INTERVENTIONAL,PHASE2|PHASE3,true,ClinicalTrials.gov
NCT01778647,Omega-3 Fatty Acids as an Adjunctive Therapy for Stimulants in Children With ADHD,TERMINATED,INTERVENTIONAL,PHASE4,false,ClinicalTrials.gov
NCT03495375,Treating Impulsivity in Adults With Probiotics,COMPLETED,INTERVENTIONAL,NA,false,ClinicalTrials.gov
NCT02986672,Intervention With Omega-3 in Children With Attention Deficit Hyperactivity Disorder(ADHD),COMPLETED,INTERVENTIONAL,NA,false,ClinicalTrials.gov
NCT04333394,Effectiveness of Probiotic Supplement In Improving Attention Deficit Hyperactivity Disorder Symptoms,UNKNOWN,INTERVENTIONAL,NA,false,ClinicalTrials.gov
NCT07777328,The Effect of 5-hydroxytryptophan on ADHD Traits and Eye Movements,RECRUITING,INTERVENTIONAL,NA,false,ClinicalTrials.gov
NCT02700685,Effect of Pycnogenol® on ADHD,COMPLETED,INTERVENTIONAL,PHASE3,false,ClinicalTrials.gov
NCT06594536,Study of the Efficacy of Sulforaphane in Children Aged 6 to 12 With Attention Deficit Disorder With or Without Hyperactivity,NOT_YET_RECRUITING,INTERVENTIONAL,NA,false,ClinicalTrials.gov
NCT02114632,Supplementation of Polyunsaturated Fatty Acids in Children With Attention Deficit/Hyperactivity Disorder (ADHD),COMPLETED,INTERVENTIONAL,PHASE1|PHASE2,false,ClinicalTrials.gov
NCT07165509,"Neuro-Nutrition to Support Physiological Function and Cognitive Skills in People With Down Syndrome, Autism Spectrum Disorder, and ADHD",COMPLETED,INTERVENTIONAL,NA,false,ClinicalTrials.gov
NCT04144790,Impact of Iron Supplementation Treatment on Brain Iron Concentrations,COMPLETED,OBSERVATIONAL,,false,ClinicalTrials.gov
NCT03115671,Efficacy Study of Vayarin in Children With Autism and Comorbid Attention Deficit Hyperactivity Disorder (ADHD),COMPLETED,INTERVENTIONAL,NA,false,ClinicalTrials.gov
NCT06133231,Optimizing Research With Diverse Families - Feasibility and Acceptability Study (FAST),RECRUITING,INTERVENTIONAL,NA,false,ClinicalTrials.gov
NCT01796262,The Effects of DHA on Attention Deficit and Hyperactivity Disorder,COMPLETED,INTERVENTIONAL,PHASE3,false,ClinicalTrials.gov
NCT00700323,PS-Omega3 Supplementation to Attention Deficit Hyperactivity Disorder (ADHD) Children,UNKNOWN,INTERVENTIONAL,PHASE2,false,ClinicalTrials.gov
NCT06005506,National Multicenter Interventional Study Aimed at Evaluating the Effect on the Intestinal Microbiota in Chronically Frail Patients Who Share Alterations in Intestinal Function.,COMPLETED,INTERVENTIONAL,NA,false,ClinicalTrials.gov
NCT04962334,Effect of Nutritional Formula Supplementation on Growth of Prepubertal Children Treated With Stimulants Medications for Attention Deficit Hyperactivity Disorder (ADHD),UNKNOWN,INTERVENTIONAL,NA,false,ClinicalTrials.gov
NCT00770627,Clinical Trial to Evaluate the Efficacy and the Tolerance of an Omega 3 Fatty Acids Supplementation in ADHD Children,UNKNOWN,INTERVENTIONAL,PHASE4,false,ClinicalTrials.gov
NCT07717359,"ADHD, Gut Problems and Synbiotic",NOT_YET_RECRUITING,INTERVENTIONAL,NA,false,ClinicalTrials.gov
NCT01798381,Essential Fatty Acids in Adult ADHD,COMPLETED,INTERVENTIONAL,PHASE3,false,ClinicalTrials.gov
NCT07189442,L-theanine and Paraxanthine for Cognitive Improvement in Adults With ADHD and ASD,COMPLETED,INTERVENTIONAL,NA,false,ClinicalTrials.gov
NCT00414921,Preschool Supplement to Clonidine in ADHD (Kiddie-CAT),COMPLETED,INTERVENTIONAL,PHASE2,false,ClinicalTrials.gov
NCT01777048,Omega-3 Fatty Acids Supplementation in ADHD,TERMINATED,INTERVENTIONAL,PHASE3,false,ClinicalTrials.gov
NCT05234593,Feasibility and Acceptability of Powdered Multinutrient Formula,COMPLETED,INTERVENTIONAL,NA,false,ClinicalTrials.gov
NCT01219309,Omega-3/Omega-6 Fatty Acids for Attention-Deficit/Hyperactivity Disorder (ADHD): A Trial in Children and Adolescents,COMPLETED,INTERVENTIONAL,PHASE3,false,ClinicalTrials.gov
NCT01040702,The Effect of Methylphenidate on Decision-making Ability of Attention Deficit Hyperactivity Disorder (ADHD) Adults,COMPLETED,INTERVENTIONAL,PHASE1,false,ClinicalTrials.gov
NCT02204410,Omega-3 Supplementation to ADHD Medication in Children,COMPLETED,INTERVENTIONAL,PHASE4,true,ClinicalTrials.gov
NCT05476549,Effects of Lemon Verbena Extract Supplementation in Sub-ADHD Children,COMPLETED,INTERVENTIONAL,NA,false,ClinicalTrials.gov
NCT07333339,A Brain-Computer Interface-Based Attention Training Program Compared With Methylphenidate and Citicoline,COMPLETED,OBSERVATIONAL,,false,ClinicalTrials.gov
NCT07364331,"Omega-3 Fatty Acids, Neuroendocrine and Attention Deficit Hyperactivity Disorder (OMNeADHD)",RECRUITING,INTERVENTIONAL,NA,false,ClinicalTrials.gov
NCT03542643,Omega-3 Polyunsaturated Fatty Acids in Youth With ADHD,COMPLETED,INTERVENTIONAL,NA,false,ClinicalTrials.gov
NCT04779632,Fish Oil Affects Cognition and ADHD Symptoms in Adults With Autism Spectrum Disorder,COMPLETED,INTERVENTIONAL,NA,false,ClinicalTrials.gov
NCT00874536,Omega-3 Supplementation and Attention-deficit-hyperactivity Disorder (ADHD),COMPLETED,INTERVENTIONAL,NA,false,ClinicalTrials.gov
NCT07348562,"Omega-3, Inflammation in ADHD With AI",COMPLETED,INTERVENTIONAL,NA,false,ClinicalTrials.gov
NCT06235177,Psychoneuromentalism Disorder: A Medical Condition That Affects People With Psychological Impairments From Health Issues,UNKNOWN,INTERVENTIONAL,EARLY_PHASE1,false,ClinicalTrials.gov
NCT07380412,A Study to Evaluate the Effects of a Supplement on the Side Effects Associated With Stimulant Medications,RECRUITING,INTERVENTIONAL,NA,false,ClinicalTrials.gov
NCT07363551,"Omega-3 Fatty Acids, Inflammation, Gut Microbiota in Youth With Depression",RECRUITING,INTERVENTIONAL,NA,false,ClinicalTrials.gov
NCT06698588,Symptom-specific Effects of Omega-3 Across Neurodevelopmental Symptoms,COMPLETED,INTERVENTIONAL,NA,false,ClinicalTrials.gov
NCT02545634,Effects of a Probiotic Supplement on Symptoms of Attention Deficit Hyperactivity Disorder and Anxiety in Children,UNKNOWN,INTERVENTIONAL,PHASE4,false,ClinicalTrials.gov
NCT06560359,RCT on the Neurobehavioral Effects of Fruits and Vegetables in Shanghai Children,COMPLETED,INTERVENTIONAL,NA,false,ClinicalTrials.gov
NCT02893852,Effects of CO-OP Approach on Activity and Participation of Brazilian Children With Developmental Coordination Disorder,COMPLETED,INTERVENTIONAL,NA,false,ClinicalTrials.gov
NCT07061470,A Clinical Trial of Iron Supplementation for Youth With ADHD and Restless Sleep,NOT_YET_RECRUITING,INTERVENTIONAL,PHASE1|PHASE2,false,ClinicalTrials.gov
NCT03252522,Micronutrients for Attention-Deficit Hyperactivity Disorder in Youth (MADDY) Study,COMPLETED,INTERVENTIONAL,PHASE1|PHASE2,true,ClinicalTrials.gov
NCT02391428,The Correlation Between Blood omega3 and ADHD,UNKNOWN,INTERVENTIONAL,EARLY_PHASE1,false,ClinicalTrials.gov
NCT01856686,Neurocognitive and Neurobiological Improvement in ADHD Children by Modification of Dietary Protein,COMPLETED,INTERVENTIONAL,EARLY_PHASE1,true,ClinicalTrials.gov
NCT01795040,Efficacy of Omega-3/Omega-6 Fatty Acids in Pre-school Children at Risk for ADHD,UNKNOWN,INTERVENTIONAL,NA,false,ClinicalTrials.gov
NCT02908802,Probiotic Supplement as Treatment for Students With ADHD,UNKNOWN,INTERVENTIONAL,NA,false,ClinicalTrials.gov
NCT05155696,Probiotic Supplementation in Children With ADHD,COMPLETED,INTERVENTIONAL,NA,false,ClinicalTrials.gov
NCT00561340,Study of the Effect of Calorie Supplementation on Growth in Young Children on ADHD Medication,COMPLETED,INTERVENTIONAL,NA,true,ClinicalTrials.gov
NCT02614599,Neurocognitive and Neurobiological Improvement in ADHD Children With High Protein Diet,COMPLETED,INTERVENTIONAL,EARLY_PHASE1,false,ClinicalTrials.gov
NCT05167110,Nutritional Intervention for Children With ASD and/or ADHD,COMPLETED,INTERVENTIONAL,NA,false,ClinicalTrials.gov
NCT03439111,Standardized Lycium Chinense Fruit Extract Enhances Attention and Cognitive Function in Healthy Young People,COMPLETED,INTERVENTIONAL,NA,false,ClinicalTrials.gov
NCT01554462,The Effects of EPA/DHA Supplementation on Cognitive Control in Children With ADHD,COMPLETED,INTERVENTIONAL,NA,false,ClinicalTrials.gov
NCT01340690,Efficacy Study of Polyunsaturated Fatty Acids in Children and Adolescents With Attention Deficit/ Hyperactivity Disorder,TERMINATED,INTERVENTIONAL,PHASE3,false,ClinicalTrials.gov
NCT04284059,Adjuvant Effects of Vitamin A and Vitamin D Supplementation on Treatment of Children With ADHD,UNKNOWN,INTERVENTIONAL,PHASE4,false,ClinicalTrials.gov
NCT01022229,The Safety and Efficacy of a Compound Natural Health Product in Children With Attention Deficit Hyperactivity Disorder (ADHD),COMPLETED,INTERVENTIONAL,PHASE3,false,ClinicalTrials.gov
NCT01055119,Effect of Long Chain Polyunsaturated Fatty Acids on Behavior and Cognition in Children With Attention Deficit Hyperactivity Disorder,COMPLETED,INTERVENTIONAL,NA,false,ClinicalTrials.gov
NCT01847521,Effects of the Anti-inflammatory Flavonoid Luteolin on Behavior in Children With Autism Spectrum Disorders,COMPLETED,INTERVENTIONAL,PHASE2,false,ClinicalTrials.gov
NCT07450443,Role of the Gut Vascular Barrier and Microbiota in Autism Spectrum Disorders,RECRUITING,INTERVENTIONAL,PHASE2|PHASE3,false,ClinicalTrials.gov
NCT06650644,A Study to Evaluate the Efficacy and Safety of Lactococcus Lactis KD10 Powder for Improving Autism Spectrum Symptoms in Children With Autism Spectrum Symptoms.,COMPLETED,INTERVENTIONAL,NA,false,ClinicalTrials.gov
NCT05664789,Targeting the Neurobiology of RRB in Autism Using N-acetylcysteine: Trial,RECRUITING,INTERVENTIONAL,PHASE2|PHASE3,false,ClinicalTrials.gov
NCT06187090,The Supplementation Therapy in Autism and Response to Treatment Study,RECRUITING,INTERVENTIONAL,NA,false,ClinicalTrials.gov
NCT06514573,Butyrate Supplementation in Children With Autism Spectrum Disorder (ASD) and Functional Gastrointestinal Disorders,RECRUITING,INTERVENTIONAL,NA,false,ClinicalTrials.gov
NCT01230359,Early Nutritional Intervention in Patients With Autism Spectrum Disorders,COMPLETED,INTERVENTIONAL,NA,false,ClinicalTrials.gov
NCT07365553,"Omega-3, Autism Spectrum Disorder (ASD)",RECRUITING,INTERVENTIONAL,NA,false,ClinicalTrials.gov
NCT06623227,Effect of Increasing Total Antioxidant Capacity in Autism Spectrum Disorder,ENROLLING_BY_INVITATION,INTERVENTIONAL,NA,false,ClinicalTrials.gov
NCT07086157,"Low-FODMAP Diet and Probiotics: Effects on Gut, Behavior, and Microbiota in Children With Autism Spectrum Disorder",COMPLETED,INTERVENTIONAL,NA,false,ClinicalTrials.gov
NCT02708901,"Gut to Brain Interaction in Autism. Role of Probiotics on Clinical, Biochemical and Neurophysiological Parameters",COMPLETED,INTERVENTIONAL,NA,false,ClinicalTrials.gov
NCT05841927,Clinical Cohort Study of DHA in Neurodevelopmental Disorders,ACTIVE_NOT_RECRUITING,INTERVENTIONAL,NA,false,ClinicalTrials.gov
NCT02909959,Sulforaphane for the Treatment of Young Men With Autism Spectrum Disorder,COMPLETED,INTERVENTIONAL,PHASE2,true,ClinicalTrials.gov
NCT04878198,Treatment of Sleep Disturbance in Children With ASD,COMPLETED,INTERVENTIONAL,NA,false,ClinicalTrials.gov
NCT04655326,Probiotic Therapy for Children and Adults With Autism Spectrum Disorder,COMPLETED,INTERVENTIONAL,NA,true,ClinicalTrials.gov
NCT06382909,Effect of Probiotic Compound K11T e K11TMax in ASD,COMPLETED,INTERVENTIONAL,NA,false,ClinicalTrials.gov
NCT07546942,"Autism Spectrum Disorder (ASD) Neurodevelopmental Disorder With Issues Social Behavior, Communication Issues, GI Dysfunction. Study is Multimodal Interventions Targeting These Pathways With cSVF, Stored MSCs, FMT and Diet Modification. Role of Autoimmunity, Gut-brain Issues, & Issues Examined.",ENROLLING_BY_INVITATION,INTERVENTIONAL,PHASE1|PHASE2,false,ClinicalTrials.gov
NCT06315465,Efficacy of MAD as add-on Therapy in Comparison With Standard of Care in Children With ASD,UNKNOWN,INTERVENTIONAL,PHASE2|PHASE3,false,ClinicalTrials.gov
NCT03550209,Fatty Acid Supplementation in Children With ASD,COMPLETED,INTERVENTIONAL,PHASE2,true,ClinicalTrials.gov
NCT01039792,Trial of Methyl B12 on Behavioral and Metabolic Measures in Children With Autism,COMPLETED,INTERVENTIONAL,PHASE2|PHASE3,true,ClinicalTrials.gov
NCT00786799,Omega-3 Fatty Acids for Autism Treatment,COMPLETED,INTERVENTIONAL,PHASE2,true,ClinicalTrials.gov
NCT02879110,A 12-weeks Study to Evaluate Sulforaphane in Treatment of Autism Spectrum Disorder,COMPLETED,INTERVENTIONAL,NA,false,ClinicalTrials.gov
NCT04312932,Fatty Acid Supplementation in Children With ASD (Study 2),COMPLETED,INTERVENTIONAL,PHASE2,true,ClinicalTrials.gov
NCT01329770,Safety and Efficacy Study of Antioxidants for the Treatment of the Fragile X Syndrome,COMPLETED,INTERVENTIONAL,PHASE2,false,ClinicalTrials.gov
NCT01260961,"Developing Treatment, Treatment Validation and Treatment Scope in the Setting of an Autism Clinical Trial",ACTIVE_NOT_RECRUITING,INTERVENTIONAL,NA,false,ClinicalTrials.gov
NCT02674022,Screening for Metabolic Problems in Mothers of Children With Autism and Typically Developing Children,COMPLETED,INTERVENTIONAL,NA,false,ClinicalTrials.gov
NCT03620097,Evaluate the Efficacy and Safety of DHA in the Adjuvant Treatment of Children With ASD.,COMPLETED,INTERVENTIONAL,NA,false,ClinicalTrials.gov
NCT06756711,Combination of Supplements for Treating Autistic Spectrum Disorder,ENROLLING_BY_INVITATION,INTERVENTIONAL,NA,false,ClinicalTrials.gov
NCT02508922,Trial of Vitamin D3 Supplementation in Paediatric Autism,COMPLETED,INTERVENTIONAL,NA,false,ClinicalTrials.gov
NCT04845776,Vitamin/Mineral Supplement for Children With Autism,COMPLETED,INTERVENTIONAL,NA,false,ClinicalTrials.gov
NCT06448767,The Effect of a Multispecies Probiotics on Autism Symptoms in Children,RECRUITING,INTERVENTIONAL,NA,false,ClinicalTrials.gov
NCT00672360,Folate Rechallenge,COMPLETED,INTERVENTIONAL,PHASE2,false,ClinicalTrials.gov
NCT06126185,Open-label Pilot Study Synbiotic Treatment for Autism Spectrum Disorder,COMPLETED,INTERVENTIONAL,NA,false,ClinicalTrials.gov
NCT05980520,Study on the Treatment of Taurine in Children With Autism,COMPLETED,INTERVENTIONAL,NA,false,ClinicalTrials.gov
NCT03514784,Combination Probiotic: BB-12 With LGG (Different Doses) in Treating Children With Autism Spectrum Disorder,COMPLETED,INTERVENTIONAL,PHASE1|PHASE2,true,ClinicalTrials.gov
NCT03369431,Efficacy of Vivomixx on Behaviour and Gut Function in Autism Spectrum Disorder,COMPLETED,INTERVENTIONAL,NA,true,ClinicalTrials.gov
NCT00572741,Treating Oxidative Stress and the Metabolic Pathology of Autism,COMPLETED,INTERVENTIONAL,NA,false,ClinicalTrials.gov
NCT05716906,Melatonin and Sleep Spindles in Autism,ACTIVE_NOT_RECRUITING,INTERVENTIONAL,NA,false,ClinicalTrials.gov
NCT03835117,Effect of a Wide Spectrum Nutritional Supplement on Mitochondrial Function in Children With Autism Spectrum Disorder,COMPLETED,INTERVENTIONAL,PHASE2,true,ClinicalTrials.gov
NCT00273650,Efficacy Study of Subcutaneous Methyl-B12 in Children With Autism,COMPLETED,INTERVENTIONAL,PHASE2|PHASE3,false,ClinicalTrials.gov
NCT05954052,A Study of Glutathione in Children With Autism Spectrum Disorder,TERMINATED,INTERVENTIONAL,PHASE4,true,ClinicalTrials.gov
NCT01248728,Omega-3 Fatty Acids For Treatment Of Young Children With Autism (OMG),COMPLETED,INTERVENTIONAL,PHASE2,true,ClinicalTrials.gov
NCT07060872,the Effect of Formulation on Anxiety in Autist Childre A Randomized Controlled Trial Assesses Spirulina Syrup Plus Risperidone in Children With Non-idiopathic Autism. Anxiety is Measured Using the SCAS (Parent Version) Via Daily Online Surveys for One Week and Throughout a 3-month Follow-up Period.,NOT_YET_RECRUITING,INTERVENTIONAL,NA,false,ClinicalTrials.gov
NCT02654743,Open Label of Clinical Trial of Sulforaphane in Children With Autism,COMPLETED,INTERVENTIONAL,PHASE3,false,ClinicalTrials.gov
NCT03195465,The Effect of High Antioxidant Cacao on Behaviors in Children With Autism Spectrum Disorder,TERMINATED,INTERVENTIONAL,NA,true,ClinicalTrials.gov
NCT06906068,Assessing the Impact of Probiotic Supplementation in Children Diagnosed With Autism Spectrum Disorder: the PROBI-O-TISM Study,NOT_YET_RECRUITING,INTERVENTIONAL,NA,false,ClinicalTrials.gov
NCT04939974,Probiotic in Autism,UNKNOWN,INTERVENTIONAL,NA,false,ClinicalTrials.gov
NCT03982290,Psychophysiological Effects of Lactobacillus Plantarum PS128 in Preschool Children With Autism Spectrum Disorder,UNKNOWN,INTERVENTIONAL,NA,false,ClinicalTrials.gov
NCT05307744,Effects of Lactobacillus Plantarum PS128 in Children With ASD,TERMINATED,INTERVENTIONAL,NA,true,ClinicalTrials.gov
NCT05218577,The Effect of High Selenium Functional Food and Selenium Supplement,COMPLETED,INTERVENTIONAL,NA,false,ClinicalTrials.gov
NCT04312152,Q10 Ubiquinol in Autism Spectrum Disorder and in Phelan-McDermid Syndrome.,UNKNOWN,INTERVENTIONAL,NA,false,ClinicalTrials.gov
NCT07631455,"Ultramicronized Palmitoylethanolamide for Smell, Taste in Children With Autism Spectrum Disorder.",COMPLETED,INTERVENTIONAL,NA,false,ClinicalTrials.gov
NCT06234501,Testing the Efficacy of 100mg Vitamin-B6 Daily for Sensory Reactivity in Autism,RECRUITING,INTERVENTIONAL,NA,false,ClinicalTrials.gov
NCT02059577,Nutritional and Dietary Treatment Study for Children/Adults With Autism,COMPLETED,INTERVENTIONAL,PHASE2,false,ClinicalTrials.gov
NCT04805957,Validation Digital Bio-markers During Sulforaphane Treatment.,ENROLLING_BY_INVITATION,INTERVENTIONAL,NA,false,ClinicalTrials.gov
NCT06677840,"Exploring the Gut-Brain-Behavior Axis With Biomarkers, Probiotic Efficacy, and Artificial Intelligence Algorithms",RECRUITING,INTERVENTIONAL,NA,false,ClinicalTrials.gov
NCT06911905,Efficacy of Nutritional Supplements on Children With Autism Spectrum Disorder,COMPLETED,INTERVENTIONAL,PHASE2,false,ClinicalTrials.gov
NCT05025553,Oral Administration of Polyethylene Glycol (PEG) for 6 Months in Chronically Constipated Autistic Children,COMPLETED,INTERVENTIONAL,NA,false,ClinicalTrials.gov
NCT04498078,Creatine Supplementation in Autism Spectrum Disorder,COMPLETED,INTERVENTIONAL,NA,false,ClinicalTrials.gov
NCT01366859,Nutritional Intervention in Children With Autism Using Whey Protein (Immunocal): Impact on Core Areas of Behavior,COMPLETED,INTERVENTIONAL,PHASE2,false,ClinicalTrials.gov
NCT01625299,Pilot Study of Diet and Behavior in Children With Autism,COMPLETED,INTERVENTIONAL,NA,false,ClinicalTrials.gov
NCT05031364,CBT for Youth With Autism and Emotional/Behavioral Needs in Community Care Settings,RECRUITING,INTERVENTIONAL,NA,false,ClinicalTrials.gov
NCT04983667,Zinc-AA Supplementation During Pregnancy & Lactation to Assess Effects on ASD Prevalence in Offspring,TERMINATED,INTERVENTIONAL,NA,false,ClinicalTrials.gov
NCT04097457,Group Based Parent Training for Children With Autism and Disruptive Behaviors,UNKNOWN,INTERVENTIONAL,NA,false,ClinicalTrials.gov
NCT07047976,Mechanism Study of Sulforaphane in ASD Improvement,WITHDRAWN,INTERVENTIONAL,NA,false,ClinicalTrials.gov
NCT05151601,Combined Human Milk Oligosaccharides (HMOs) and Probiotics Intervention for Children With Autism,UNKNOWN,INTERVENTIONAL,NA,false,ClinicalTrials.gov
NCT07064538,Effects of Neuralli® MP on Self-Defined Outcomes in Adults With Autistic Traits,ACTIVE_NOT_RECRUITING,INTERVENTIONAL,NA,false,ClinicalTrials.gov
NCT04293783,Randomized Double-blind Clinical Trial With L.Reuteri Supplementation in Children With Autism Spectrum Disorder,COMPLETED,INTERVENTIONAL,NA,false,ClinicalTrials.gov
NCT02720900,Prebiotic Intervention for Autism Spectrum Disorders,COMPLETED,INTERVENTIONAL,NA,false,ClinicalTrials.gov
NCT04639141,Combined Gut-brain Therapy for Children With Autism,COMPLETED,INTERVENTIONAL,NA,false,ClinicalTrials.gov
NCT07435740,Parent-Mediated Telehealth Intervention for Insomnia in Young Autistic Children,RECRUITING,INTERVENTIONAL,NA,false,ClinicalTrials.gov
NCT03337035,Probiotics and Oxytocin Nasal Spray on Social Behaviors of Autism Spectrum Disorder (ASD) Children,COMPLETED,INTERVENTIONAL,PHASE1,false,ClinicalTrials.gov
NCT05268744,Micronutrient Supplementation in Children With ASD,COMPLETED,INTERVENTIONAL,PHASE2,true,ClinicalTrials.gov
NCT02086110,Effect of Milk Oligosaccharides and Bifidobacteria on the Intestinal Microflora of Children With Autism,COMPLETED,INTERVENTIONAL,NA,true,ClinicalTrials.gov
NCT03008889,A Feasibility Study of N-acetylcysteine for Self-injurious Behavior in Children With Autism Spectrum Disorder,COMPLETED,INTERVENTIONAL,PHASE2,true,ClinicalTrials.gov
NCT06269614,Assessing the Gut Microbiome and Its Association With Pediatric Stress and Cognition,ACTIVE_NOT_RECRUITING,INTERVENTIONAL,NA,false,ClinicalTrials.gov
NCT00577447,Docosahexaenoic Acid in the Treatment of Autism,COMPLETED,INTERVENTIONAL,NA,false,ClinicalTrials.gov
NCT01695200,Omega-3 Fatty Acids in Autism Spectrum Disorders,COMPLETED,INTERVENTIONAL,PHASE4,false,ClinicalTrials.gov
NCT01225198,Vitamin/Mineral Supplement for Children and Adults With Autism,COMPLETED,INTERVENTIONAL,PHASE2,false,ClinicalTrials.gov
NCT07118267,The Intervention of Lactobacillus Plantarum Probiotics in Adult Autistic Spectrum Disorders,ACTIVE_NOT_RECRUITING,INTERVENTIONAL,NA,false,ClinicalTrials.gov
intervention:omega-3-epa-dha,omega-3/EPA-DHA,,supplement,,,normalized intervention
intervention:exercise-intervention,exercise intervention,,exercise,,,normalized intervention
intervention:microbiome-intervention,microbiome intervention,,supplement,,,normalized intervention
intervention:thiamine,Thiamine,,supplement,,,normalized intervention
intervention:placebo-control,placebo/control,,placebo,,,normalized intervention
intervention:melatonin,melatonin,,supplement,,,normalized intervention
intervention:bedtime-bank,Bedtime Bank,,behavioral,,,normalized intervention
intervention:dietary-intervention,dietary intervention,,diet,,,normalized intervention
intervention:phosphatidylserine,phosphatidylserine,,supplement,,,normalized intervention
intervention:colored-cellulose-tainted-with-fishy-odor,Colored cellulose tainted with fishy odor,,other,,,normalized intervention
intervention:zinc-magnesium-vitamin-b6-vitamin-c-compound-natural-health-product-for-adhd,"Zinc, Magnesium, Vitamin B6, Vitamin C (Compound Natural Health Product for ADHD)",,supplement,,,normalized intervention
intervention:glucose,Glucose,,supplement,,,normalized intervention
intervention:milk-cereals,Milk & Cereals,,supplement,,,normalized intervention
intervention:n-acetylcysteine,N-acetylcysteine,,supplement,,,normalized intervention
intervention:milk-apple-bread-w-cream,"Milk, apple & bread w/ cream",,supplement,,,normalized intervention
intervention:eeg-pre,EEG_pre,,device,,,normalized intervention
intervention:eeg-post,EEG_post,,device,,,normalized intervention
intervention:coenzyme-q10,Coenzyme Q10,,supplement,,,normalized intervention
intervention:experimental-fatty-acid-supplementation,Experimental fatty acid supplementation,,supplement,,,normalized intervention
intervention:medium-chain-triglycerides,Medium Chain Triglycerides,,supplement,,,normalized intervention
intervention:oligopin,Oligopin®,,supplement,,,normalized intervention
intervention:standard-treatment-or-tau-in-child-guidance-clinic,Standard Treatment (or TAU in Child Guidance Clinic),,other,,,normalized intervention
intervention:oral-mixed-tocotrienols,Oral mixed tocotrienols,,supplement,,,normalized intervention
intervention:l-theanine,L-theanine,,supplement,,,normalized intervention
intervention:caffeine,Caffeine,,supplement,,,normalized intervention
intervention:l-theanine-caffeine-combination,L-theanine-Caffeine Combination,,supplement,,,normalized intervention
intervention:magnetic-resonance-imaging-mri,Magnetic Resonance Imaging (MRI),,procedure,,,normalized intervention
intervention:phno,PHNO,,drug,,,normalized intervention
intervention:calcitriol,calcitriol,,supplement,,,normalized intervention
intervention:high-resolution-research-tomography,high-resolution research tomography,,procedure,,,normalized intervention
intervention:dextro-amphetamine,Dextro Amphetamine,,drug,,,normalized intervention
intervention:behavior-therapy,behavior therapy,,behavioral,,,normalized intervention
intervention:methylphenidate,methylphenidate,,drug,,,normalized intervention
intervention:monitoring,monitoring,,other,,,normalized intervention
intervention:drug-holiday,drug holiday,,other,,,normalized intervention
intervention:caloric-supplement,caloric supplement,,supplement,,,normalized intervention
intervention:a2-milk,a2 milk,,supplement,,,normalized intervention
intervention:a1-containing-milk,a1 containing milk,,supplement,,,normalized intervention
intervention:food-regimen-without-food-restrictions,Food regimen without food restrictions.,,other,,,normalized intervention
intervention:l-methylfolate,L-methylfolate,,drug,,,normalized intervention
intervention:stimulants-plus-lovaza,Stimulants plus Lovaza,,supplement,,,normalized intervention
intervention:calanus-oil,Calanus oil,,supplement,,,normalized intervention
intervention:medical-paraffin,Medical Paraffin,,other,,,normalized intervention
intervention:5-hydroxytryptophan-food-supplement-200mg,5-hydroxytryptophan (food supplement) 200mg,,supplement,,,normalized intervention
intervention:5-hydroxytryptophan-food-supplement-300mg,5-hydroxytryptophan (food supplement) 300mg,,supplement,,,normalized intervention
intervention:pycnogenol,Pycnogenol,,supplement,,,normalized intervention
intervention:sulforaphane,sulforaphane,,supplement,,,normalized intervention
intervention:eye-q,Eye Q,,supplement,,,normalized intervention
intervention:ferrous-sulfate,ferrous sulfate,,supplement,,,normalized intervention
intervention:vayarin,Vayarin,,supplement,,,normalized intervention
intervention:multinutrients-a-36-ingredient-blend-of-vitamins-minerals-amino-acids-and-antioxidants,"Multinutrients; a 36-ingredient blend of vitamins, minerals, amino acids, and antioxidants",,supplement,,,normalized intervention
intervention:wheat-germ-oil,Wheat germ oil,,supplement,,,normalized intervention
intervention:ps-omega3-conjugate-supplementation,PS-Omega3 conjugate supplementation,,supplement,,,normalized intervention
intervention:prebiotic-fiber,Prebiotic fiber,,supplement,,,normalized intervention
intervention:essential-fatty-acids,Essential fatty acids,,supplement,,,normalized intervention
intervention:l-theanine-and-paraxanthine,L-theanine and paraxanthine,,supplement,,,normalized intervention
intervention:clonidine,clonidine,,drug,,,normalized intervention
intervention:empowerplus-lightning-sticks,EmpowerPlus Lightning Sticks,,supplement,,,normalized intervention
intervention:sweetener-pill,sweetener pill,,supplement,,,normalized intervention
intervention:adhd-medication,ADHD Medication,,drug,,,normalized intervention
intervention:lemon-verbena,Lemon verbena,,supplement,,,normalized intervention
intervention:n-3-polyunsaturated-fatty-acid,n-3 Polyunsaturated fatty acid,,supplement,,,normalized intervention
intervention:experimental-fish-oil,Experimental: Fish Oil,,supplement,,,normalized intervention
intervention:comparator-safflower-oil,Comparator: Safflower Oil,,supplement,,,normalized intervention
intervention:decompartmentalization-framework,Decompartmentalization Framework,,combination_product,,,normalized intervention
intervention:liquid-herbal-tinctures,Liquid Herbal TInctures,,supplement,,,normalized intervention
intervention:mental-imagery,Mental Imagery,,other,,,normalized intervention
intervention:clinical-yoga,Clinical Yoga,,diagnostic,,,normalized intervention
intervention:applied-relaxation,Applied Relaxation,,behavioral,,,normalized intervention
intervention:pain-relaxation-techniques,Pain Relaxation Techniques,,behavioral,,,normalized intervention
intervention:comprehensive-theocentric-psychological-assessment,Comprehensive Theocentric Psychological Assessment,,behavioral,,,normalized intervention
intervention:stasis-daytime-and-nighttime,Stasis Daytime and Nighttime,,supplement,,,normalized intervention
intervention:l-helveticus-r0052-and-b-longum-r0175,L. helveticus R0052 and B. longum R0175,,supplement,,,normalized intervention
intervention:f-v,F&V,,supplement,,,normalized intervention
intervention:no-f-v,No F&V,,supplement,,,normalized intervention
intervention:standard-co-op-approach,standard CO-OP Approach,,behavioral,,,normalized intervention
intervention:standard-co-op-approach-plus-coaching-parents,standard CO-OP Approach plus coaching parents,,behavioral,,,normalized intervention
intervention:broad-spectrum-micronutrients-a-36-ingredient-blend-of-vitamins-minerals-amino-acids-and-antioxidants,"Broad Spectrum Micronutrients; a 36-ingredient blend of vitamins, minerals, amino acids, and antioxidants",,combination_product,,,normalized intervention
intervention:blood-test,blood test,,procedure,,,normalized intervention
intervention:omega3-capsules,omega3 capsules,,supplement,,,normalized intervention
intervention:bp22042013,BP22042013,,drug,,,normalized intervention
intervention:pediasure,Pediasure,,supplement,,,normalized intervention
intervention:standardized-lycium-chinense-fruit-extract-lcf-capsules,Standardized Lycium chinense Fruit Extract (LCF) capsules,,supplement,,,normalized intervention
intervention:3-fatty-acids-suspension,ω-3 fatty acids suspension,,supplement,,,normalized intervention
intervention:vitamin-ad,vitamin AD,,supplement,,,normalized intervention
intervention:vitamin-d,vitamin D,,supplement,,,normalized intervention
intervention:compound-natural-health-product,Compound Natural Health Product,,supplement,,,normalized intervention
intervention:luteolin-quercetin-and-rutin-combined-in-a-capsule,"Luteolin, Quercetin and Rutin combined in a capsule",,supplement,,,normalized intervention
intervention:postbiotix-comfort,PostbiotiX Comfort®,,supplement,,,normalized intervention
intervention:oral-ultramicronized-palmitoylethanolamide-um-pea-600-mg-per-day-in-tablet-form,Oral Ultramicronized-Palmitoylethanolamide (um-PEA; 600 mg per day) in tablet form,,supplement,,,normalized intervention
intervention:sodium-butyrate,Sodium Butyrate,,supplement,,,normalized intervention
intervention:pyridoxine-hydrochloride,Pyridoxine hydrochloride,,supplement,,,normalized intervention
intervention:tang-orange-powder,Tang orange powder,,other,,,normalized intervention
intervention:vitamin-e-and-c,Vitamin E and C,,supplement,,,normalized intervention
intervention:vivomixx,Vivomixx®,,supplement,,,normalized intervention
intervention:jogging-program,Jogging program,,behavioral,,,normalized intervention
intervention:flore,Flore,,supplement,,,normalized intervention
intervention:inflammatory-level,Inflammatory level,,supplement,,,normalized intervention
intervention:cognitive-assessment,Cognitive assessment,,supplement,,,normalized intervention
intervention:pedagogical-assessment,Pedagogical assessment,,supplement,,,normalized intervention
intervention:autologous-msc-isolation-concentration-and-cryopreservation-of-adult-mesenchymal-stem-cells,"Autologous MSC isolation, concentration, and cryopreservation of adult mesenchymal stem cells",,procedure,,,normalized intervention
intervention:fecal-biomicrome-transplantation-fmt,Fecal Biomicrome Transplantation (FMT),,supplement,,,normalized intervention
intervention:fmt-fecal-material-tranplantation,FMT (Fecal Material Tranplantation),,supplement,,,normalized intervention
intervention:use-autologous-csvf-mscs-cryo-for-management-of-autoimmune-component-anti-inflammatory-and-immune-modulation,"Use autologous cSVF + MSCs (cryo) for management of autoimmune component, anti-inflammatory and immune modulation",,biological,,,normalized intervention
intervention:standard-of-care,Standard of Care,,other,,,normalized intervention
intervention:methyl-b12,Methyl B12,,drug,,,normalized intervention
intervention:ascorbic-acid-vitamin-c-and-alpha-tocopherol-vitamin-e,Ascorbic Acid (Vitamin C) and Alpha-tocopherol (Vitamin E),,supplement,,,normalized intervention
intervention:docosahexanoic-acid,Docosahexanoic Acid,,supplement,,,normalized intervention
intervention:prenatal-supplement,Prenatal supplement,,supplement,,,normalized intervention
intervention:eupoly-3-dha-infant,EuPoly-3 DHA Infant,,supplement,,,normalized intervention
intervention:a-combination-of-apitherapy-and-plant-extracts,A combination of apitherapy and plant extracts,,supplement,,,normalized intervention
intervention:vitamin-d3,Vitamin D3,,supplement,,,normalized intervention
intervention:anrc-essentials-plus,ANRC Essentials Plus,,supplement,,,normalized intervention
intervention:folic-acid,Folic acid,,supplement,,,normalized intervention
intervention:taurine-corn-starch-white-sugar,Taurine+corn starch+white sugar,,supplement,,,normalized intervention
intervention:corn-starch-white-sugar,Corn starch+white sugar,,supplement,,,normalized intervention
intervention:behavioral-rehabilitation-therapy,Behavioral rehabilitation therapy,,behavioral,,,normalized intervention
intervention:bb-12-with-lgg-higher-dose,BB-12 with LGG (Higher Dose),,drug,,,normalized intervention
intervention:bb-12-with-lgg-lower-dose,BB-12 with LGG (Lower Dose),,drug,,,normalized intervention
intervention:b12,B12,,supplement,,,normalized intervention
intervention:folate,folate,,supplement,,,normalized intervention
intervention:b-complex,B complex,,supplement,,,normalized intervention
intervention:vitamin-c,vitamin C,,supplement,,,normalized intervention
intervention:cod-liver-oil,cod liver oil,,supplement,,,normalized intervention
intervention:mineral-complex,Mineral complex,,supplement,,,normalized intervention
intervention:carnitine,carnitine,,supplement,,,normalized intervention
intervention:methylcobalamin,methylcobalamin,,drug,,,normalized intervention
intervention:glutathione,Glutathione,,drug,,,normalized intervention
intervention:spirulina-syrup,Spirulina Syrup,,supplement,,,normalized intervention
intervention:risperidone,Risperidone,,drug,,,normalized intervention
intervention:dark-chocolate,Dark Chocolate,,supplement,,,normalized intervention
intervention:three-strains-of-lactobacillus-l-acidophilus-cl1285-l-casei-lbc80r-and-l-rhamnosus-clr2,"Three strains of Lactobacillus: L. acidophilus CL1285®, L. casei LBC80R® and L. rhamnosus CLR2®",,supplement,,,normalized intervention
intervention:ps128,PS128,,supplement,,,normalized intervention
intervention:high-selenium-functional-food,high selenium functional food,,other,,,normalized intervention
intervention:selenium-supplement,selenium supplement,,supplement,,,normalized intervention
intervention:q10-ubiquinol,Q10 Ubiquinol,,supplement,,,normalized intervention
intervention:vitamin-e,Vitamin E,,supplement,,,normalized intervention
intervention:multi-vitamin-b-complex,Multi-Vitamin B complex,,supplement,,,normalized intervention
intervention:supplement-paidinil-hd-epitech-group-spa-saccolongo-padova-italy-containing-12-umpea,"supplement (Paidinil® HD, Epitech Group SpA, Saccolongo, Padova, Italy) containing 12% umPEA",,supplement,,,normalized intervention
intervention:lactobacillus-and-omega-fatty-acids,Lactobacillus and Omega Fatty acids,,supplement,,,normalized intervention
intervention:pyridoxal-5-phosphate-100-mg,Pyridoxal 5'-Phosphate (100 mg),,supplement,,,normalized intervention
intervention:treatment-as-usual-tau,Treatment as usual (TAU),,behavioral,,,normalized intervention
intervention:gut-mobilization,Gut mobilization,,supplement,,,normalized intervention
intervention:creatine,Creatine,,supplement,,,normalized intervention
intervention:whey-protein,Whey Protein,,supplement,,,normalized intervention
intervention:gluten-and-dry-milk,Gluten and dry milk,,supplement,,,normalized intervention
intervention:behavioral-interventions-for-anxiety-in-children-with-autism-biaca,Behavioral Interventions for Anxiety in Children with Autism (BIACA),,behavioral,,,normalized intervention
intervention:treatment-as-usual-supplemented-by-internet-based-self-instruction-meya,Treatment-as-Usual Supplemented by Internet-Based Self-Instruction (MEYA),,behavioral,,,normalized intervention
intervention:zn-aa,Zn-AA,,supplement,,,normalized intervention
intervention:experimental,Experimental,,supplement,,,normalized intervention
intervention:neuralli-mp,Neuralli® MP,,supplement,,,normalized intervention
intervention:l-reuteri,L.Reuteri,,supplement,,,normalized intervention
intervention:b-gos,B-GOS,,supplement,,,normalized intervention
intervention:maltodextrin,Maltodextrin,,supplement,,,normalized intervention
intervention:gut-directed-hypnotherapy,Gut-directed Hypnotherapy,,behavioral,,,normalized intervention
intervention:sleep-parent-education-spe,Sleep Parent Education (SPE),,behavioral,,,normalized intervention
intervention:intranasal-oxytocin,intranasal oxytocin,,drug,,,normalized intervention
intervention:micronutrient,Micronutrient,,drug,,,normalized intervention
intervention:prebiotic,Prebiotic,,supplement,,,normalized intervention
intervention:multi-vitamin-mineral-supplement,Multi-Vitamin/Mineral Supplement,,supplement,,,normalized intervention
intervention:lactiplantibacillus-plantarum,Lactiplantibacillus plantarum,,supplement,,,normalized intervention
condition:ADHD,ADHD,,condition,,,query
condition:autism,Autism Spectrum Disorder,,condition,,,query
